{
  "mean": {
    "HR": 82.76571362064756,
    "Resp": 16.28401187711838,
    "SBP": 119.06161510642286,
    "Lactate": 1.285477895047605,
    "PCT": 0.20660417743006865,
    "LYM": 1.7794779064024029,
    "WBC": 7.716011400216877,
    "Urine": 49.14663358635608,
    "HCO3": 23.882336817363758,
    "GCS": 13.943492849316158,
    "APTT": 30.393811067521302,
    "O2Sat": 96.85886781312273
  },
  "std": {
    "HR": 6.953999269849364,
    "Resp": 1.9570948667661865,
    "SBP": 8.123794930823134,
    "Lactate": 0.37097353107246367,
    "PCT": 0.38557449573925534,
    "LYM": 0.22644153474481468,
    "WBC": 1.1404364288591446,
    "Urine": 8.955981400336453,
    "HCO3": 1.3328480548130062,
    "GCS": 0.5204442326149673,
    "APTT": 2.6253396705606513,
    "O2Sat": 0.9775994373090777
  }
}