{
  "mean": {
    "HR": 84.33145548420737,
    "Resp": 16.782222587464506,
    "SBP": 117.79772051030643,
    "Lactate": 1.523340852286574,
    "PCT": 0.5012222077384764,
    "LYM": 1.735787194731443,
    "WBC": 8.146043198086634,
    "Urine": 47.45699347664685,
    "HCO3": 23.60648073315462,
    "GCS": 13.75703201600517,
    "APTT": 31.17433392086963,
    "O2Sat": 96.51638546159384
  },
  "std": {
    "HR": 9.367441773304733,
    "Resp": 2.939695801120337,
    "SBP": 9.851468858896366,
    "Lactate": 1.0614101120185402,
    "PCT": 1.3070820244915557,
    "LYM": 0.26983814758429764,
    "WBC": 2.2001465087052194,
    "Urine": 10.27853868611758,
    "HCO3": 1.6465993008997406,
    "GCS": 0.8737929638112604,
    "APTT": 4.26746068911303,
    "O2Sat": 1.7126394978718185
  }
}