{
  "mean": {
    "HR": 84.56584599504306,
    "Resp": 16.817006108246986,
    "SBP": 117.48883784504221,
    "Lactate": 1.5316366358702125,
    "PCT": 0.505656679087336,
    "LYM": 1.7366789739052513,
    "WBC": 8.144141017133718,
    "Urine": 47.56567358027212,
    "HCO3": 23.581851133456972,
    "GCS": 13.756135186792122,
    "APTT": 31.214453348759918,
    "O2Sat": 96.5316267673932
  },
  "std": {
    "HR": 9.3707193631226,
    "Resp": 2.950201172581628,
    "SBP": 10.020029624166886,
    "Lactate": 1.0652215331827548,
    "PCT": 1.3191228079609776,
    "LYM": 0.27237255500578617,
    "WBC": 2.204346915066298,
    "Urine": 10.325291268543841,
    "HCO3": 1.6541625610709751,
    "GCS": 0.8728415965895701,
    "APTT": 4.29084157278348,
    "O2Sat": 1.7119484056568046
  }
}