{
  "mean": {
    "HR": 83.22455552395522,
    "O2Sat": 96.76652267154508,
    "Temp": 36.83463115982689,
    "SBP": 118.9101585739871,
    "MAP": 79.19559405674228,
    "DBP": 65.01781440002458,
    "Resp": 16.39683697548752,
    "BaseExcess": -1.1551634549605296,
    "HCO3": 24.007400631836244,
    "FiO2": 0.29967547291636243,
    "pH": 7.387890035896294,
    "PaCO2": 39.025301121470896
  },
  "std": {
    "HR": 7.14519977782617,
    "O2Sat": 1.1688471330063388,
    "Temp": 0.23227196427939042,
    "SBP": 8.313052543828688,
    "MAP": 5.767958735787706,
    "DBP": 3.5496152289771215,
    "Resp": 2.3680161258216623,
    "BaseExcess": 1.3271326841023552,
    "HCO3": 1.0617592466955872,
    "FiO2": 0.03598958764231859,
    "pH": 0.017691538125828105,
    "PaCO2": 2.2016253646601123
  }
}